{
    "epoch": 3.0,
    "eval_HasAns_exact": 78.7280701754386,
    "eval_HasAns_f1": 84.85121054917006,
    "eval_HasAns_total": 5928,
    "eval_NoAns_exact": 80.74011774600504,
    "eval_NoAns_f1": 80.74011774600504,
    "eval_NoAns_total": 5945,
    "eval_best_exact": 79.73553440579467,
    "eval_best_exact_thresh": 0.0,
    "eval_best_f1": 82.79272097494137,
    "eval_best_f1_thresh": 0.0,
    "eval_exact": 79.73553440579467,
    "eval_f1": 82.79272097494145,
    "eval_runtime": 92.2904,
    "eval_samples": 12165,
    "eval_samples_per_second": 131.812,
    "eval_steps_per_second": 16.481,
    "eval_total": 11873
}