{
    "epoch": 3.0,
    "eval_HasAns_exact": 75.79284750337382,
    "eval_HasAns_f1": 82.20473363095492,
    "eval_HasAns_total": 5928,
    "eval_NoAns_exact": 78.62068965517241,
    "eval_NoAns_f1": 78.62068965517241,
    "eval_NoAns_total": 5945,
    "eval_best_exact": 77.20879305988377,
    "eval_best_exact_thresh": 0.0,
    "eval_best_f1": 80.41014578996877,
    "eval_best_f1_thresh": 0.0,
    "eval_exact": 77.20879305988377,
    "eval_f1": 80.41014578996885,
    "eval_runtime": 77.7632,
    "eval_samples": 12165,
    "eval_samples_per_second": 156.436,
    "eval_steps_per_second": 19.559,
    "eval_total": 11873
}