{
    "epoch": 3.0,
    "eval_HasAns_exact": 75.16869095816465,
    "eval_HasAns_f1": 81.48503576971412,
    "eval_HasAns_total": 5928,
    "eval_NoAns_exact": 78.83936080740118,
    "eval_NoAns_f1": 78.83936080740118,
    "eval_NoAns_total": 5945,
    "eval_best_exact": 77.0066537522109,
    "eval_best_exact_thresh": 0.0,
    "eval_best_f1": 80.1603042232682,
    "eval_best_f1_thresh": 0.0,
    "eval_exact": 77.0066537522109,
    "eval_f1": 80.16030422326828,
    "eval_runtime": 77.2084,
    "eval_samples": 12165,
    "eval_samples_per_second": 157.561,
    "eval_steps_per_second": 19.7,
    "eval_total": 11873
}