{
    "epoch": 3.0,
    "eval_HasAns_exact": 77.09176788124157,
    "eval_HasAns_f1": 83.25717488134852,
    "eval_HasAns_total": 5928,
    "eval_NoAns_exact": 81.16063919259882,
    "eval_NoAns_f1": 81.16063919259882,
    "eval_NoAns_total": 5945,
    "eval_best_exact": 79.12911648277604,
    "eval_best_exact_thresh": 0.0,
    "eval_best_f1": 82.20740610600797,
    "eval_best_f1_thresh": 0.0,
    "eval_exact": 79.12911648277604,
    "eval_f1": 82.20740610600804,
    "eval_runtime": 85.3886,
    "eval_samples": 12165,
    "eval_samples_per_second": 142.466,
    "eval_steps_per_second": 17.813,
    "eval_total": 11873
}