{
    "epoch": 3.0,
    "eval_HasAns_exact": 76.28205128205128,
    "eval_HasAns_f1": 82.75386418139776,
    "eval_HasAns_total": 5928,
    "eval_NoAns_exact": 79.74768713204374,
    "eval_NoAns_f1": 79.74768713204374,
    "eval_NoAns_total": 5945,
    "eval_best_exact": 78.01735029057525,
    "eval_best_exact_thresh": 0.0,
    "eval_best_f1": 81.24862350436493,
    "eval_best_f1_thresh": 0.0,
    "eval_exact": 78.01735029057525,
    "eval_f1": 81.24862350436496,
    "eval_runtime": 78.5575,
    "eval_samples": 12165,
    "eval_samples_per_second": 154.855,
    "eval_steps_per_second": 19.362,
    "eval_total": 11873
}