{
    "epoch": 3.0,
    "eval_HasAns_exact": 69.60188933873144,
    "eval_HasAns_f1": 76.60448749614876,
    "eval_HasAns_total": 5928,
    "eval_NoAns_exact": 72.73338940285954,
    "eval_NoAns_f1": 72.73338940285954,
    "eval_NoAns_total": 5945,
    "eval_best_exact": 71.17830371430978,
    "eval_best_exact_thresh": 0.0,
    "eval_best_f1": 74.67458956263545,
    "eval_best_f1_thresh": 0.0,
    "eval_exact": 71.16988124315674,
    "eval_f1": 74.6661670914824,
    "eval_runtime": 74.3501,
    "eval_samples": 12165,
    "eval_samples_per_second": 163.618,
    "eval_steps_per_second": 20.457,
    "eval_total": 11873
}