{
    "epoch": 3.0,
    "eval_HasAns_exact": 72.68893387314439,
    "eval_HasAns_f1": 79.42297475538888,
    "eval_HasAns_total": 5928,
    "eval_NoAns_exact": 72.46425567703953,
    "eval_NoAns_f1": 72.46425567703953,
    "eval_NoAns_total": 5945,
    "eval_best_exact": 72.5764339257138,
    "eval_best_exact_thresh": 0.0,
    "eval_best_f1": 75.93863339930476,
    "eval_best_f1_thresh": 0.0,
    "eval_exact": 72.5764339257138,
    "eval_f1": 75.93863339930479,
    "eval_runtime": 74.3689,
    "eval_samples": 12165,
    "eval_samples_per_second": 163.576,
    "eval_steps_per_second": 20.452,
    "eval_total": 11873
}