{
    "epoch": 3.0,
    "eval_HasAns_exact": 76.07962213225372,
    "eval_HasAns_f1": 82.81021153378923,
    "eval_HasAns_total": 5928,
    "eval_NoAns_exact": 78.03195962994113,
    "eval_NoAns_f1": 78.03195962994113,
    "eval_NoAns_total": 5945,
    "eval_best_exact": 77.05718857912912,
    "eval_best_exact_thresh": 0.0,
    "eval_best_f1": 80.41766478331519,
    "eval_best_f1_thresh": 0.0,
    "eval_exact": 77.05718857912912,
    "eval_f1": 80.41766478331526,
    "eval_runtime": 82.881,
    "eval_samples": 12165,
    "eval_samples_per_second": 146.777,
    "eval_steps_per_second": 18.352,
    "eval_total": 11873
}