{
    "epoch": 3.0,
    "eval_HasAns_exact": 75.52294197031038,
    "eval_HasAns_f1": 82.04439091741183,
    "eval_HasAns_total": 5928,
    "eval_NoAns_exact": 78.06560134566863,
    "eval_NoAns_f1": 78.06560134566863,
    "eval_NoAns_total": 5945,
    "eval_best_exact": 76.79609197338499,
    "eval_best_exact_thresh": 0.0,
    "eval_best_f1": 80.05214767610674,
    "eval_best_f1_thresh": 0.0,
    "eval_exact": 76.79609197338499,
    "eval_f1": 80.0521476761068,
    "eval_runtime": 74.4923,
    "eval_samples": 12165,
    "eval_samples_per_second": 163.306,
    "eval_steps_per_second": 20.418,
    "eval_total": 11873
}