{
    "epoch": 3.0,
    "eval_HasAns_exact": 75.65789473684211,
    "eval_HasAns_f1": 82.28871728967279,
    "eval_HasAns_total": 5928,
    "eval_NoAns_exact": 78.45248107653491,
    "eval_NoAns_f1": 78.45248107653491,
    "eval_NoAns_total": 5945,
    "eval_best_exact": 77.05718857912912,
    "eval_best_exact_thresh": 0.0,
    "eval_best_f1": 80.3678527830523,
    "eval_best_f1_thresh": 0.0,
    "eval_exact": 77.05718857912912,
    "eval_f1": 80.36785278305236,
    "eval_runtime": 76.6332,
    "eval_samples": 12165,
    "eval_samples_per_second": 158.743,
    "eval_steps_per_second": 19.848,
    "eval_total": 11873
}